{"engineId":"cee3170b-bb6a-4591-88bf-79d7e0efa7e8","engineName":"testgit3","rdbmsId":"d01f5dc0-df25-4352-a2ea-1a6ca9e5b3ea","varstore":{},"frames":[{"file":"@BaseFolder@/db/@ENGINE@/version/d01f5dc0-df25-4352-a2ea-1a6ca9e5b3ea/FRAME936831.gz","meta":"@BaseFolder@/db/@ENGINE@/version/d01f5dc0-df25-4352-a2ea-1a6ca9e5b3ea/METADATA__FRAME936831.owl","state":null,"type":"prerna.ds.rdbms.h2.H2Frame","name":"FRAME936831","keys":["FRAME936831","$CUR_FRAME_KEY"]}],"panels":[{"panelId":"0","panelLabel":null,"view":"visualization","viewOptions":"{\"type\":\"echarts\"}","viewOptionsMap":{"federate-view":{"app_id":"NEWSEMOSSAPP"},"visualization":{"type":"echarts"}},"config":{"type":"STANDARD","opacity":100,"labelOverride":false},"ornaments":{},"events":{"onSingleClick":{"Unfilter":[{"disabledVisuals":["Grid","Sunburst"],"default":true,"query":"(<Frame> | UnfilterFrame(<SelectedColumn>));","options":{},"refresh":false,"disabled":false,"panel":""}]},"onBrush":{"Filter":[{"default":true,"query":"if((IsEmpty(<SelectedValues>)),(<Frame> | UnfilterFrame(<SelectedColumn>)), (<Frame> | SetFrameFilter(<SelectedColumn>==<SelectedValues>)));","options":{},"refresh":false,"disabled":false,"panel":""}]}},"comments":{},"position":{},"filters":[],"order":[],"cbv":[]}],"tasks":{"tasks":[{"type":"basic","task":{"taskType":"basic","id":"task1","numCollected":2000,"internalOffset":0,"taskOptions":"{\"options\":{\"0\":{\"layout\":\"Grid\",\"alignment\":{\"label\":[\"ACT_CUM_75\",\"Adm_Rate\",\"Avg_Cost_Academic_Year\",\"Avg_Cost_Program_Year\",\"Avg_Fac_Sal\",\"City\",\"City_State\",\"COLLEGE\",\"COLLEGE_NONULL_UNIQUE_ROW_ID\",\"Compl_Repay_1yr_Rate\",\"Compl_Repay_7yr_Rate\",\"CompletionRate_150_4\",\"CompletionRate_150_L4\",\"Control\",\"Highest_Deg\",\"In_state_Tuition\",\"Institution_Name\",\"Lat\",\"Level_of_institution\",\"Locale\",\"Long\",\"Low_Inc_Aid\",\"Main_Campus\",\"Noncom_Repay_1yr_Rate\",\"Noncom_Repay_7yr_Rate\",\"Out_of_state_Tuition\",\"Parent_Ed_HS\",\"Parent_Ed_MS\",\"Parent_Ed_PS\",\"Percent_2OrMore\",\"Percent_AIAN\",\"Percent_Asian\",\"Percent_Black\",\"Percent_Female\",\"Percent_First_Gen\",\"Percent_Full_time_Fac\",\"Percent_Hisp\",\"Percent_Male\",\"Percent_NHPI\",\"Percent_NRA\",\"Percent_Part_time\",\"Percent_UNKN\",\"Percent_Veterans\",\"Percent_White\",\"Predominant_Ugrad_Deg\",\"Religious_Affiliation\",\"RetentionRate_FT4\",\"RetentionRate_FTL4\",\"RetentionRate_PT4\",\"RetentionRate_PTL4\",\"SAT_M_75\",\"SAT_R_75\",\"SAT_W_75\",\"State\",\"TIV_Approval_Date\",\"Top3Majors\",\"Undergrad_Enrollment\",\"URL\",\"Zip\"]}}},\"ornament\":false}","qs":{"qsType":"FRAME","frameName":"FRAME936831","isDistinct":true,"overrideImplicit":false,"limit":2000,"offset":0,"relations":"[]","selectors":[{"type":"COLUMN","content":{"table":"FRAME936831","column":"ACT_CUM_75","alias":"ACT_CUM_75","tableAlias":null}},{"type":"COLUMN","content":{"table":"FRAME936831","column":"Adm_Rate","alias":"Adm_Rate","tableAlias":null}},{"type":"COLUMN","content":{"table":"FRAME936831","column":"Avg_Cost_Academic_Year","alias":"Avg_Cost_Academic_Year","tableAlias":null}},{"type":"COLUMN","content":{"table":"FRAME936831","column":"Avg_Cost_Program_Year","alias":"Avg_Cost_Program_Year","tableAlias":null}},{"type":"COLUMN","content":{"table":"FRAME936831","column":"Avg_Fac_Sal","alias":"Avg_Fac_Sal","tableAlias":null}},{"type":"COLUMN","content":{"table":"FRAME936831","column":"City","alias":"City","tableAlias":null}},{"type":"COLUMN","content":{"table":"FRAME936831","column":"City_State","alias":"City_State","tableAlias":null}},{"type":"COLUMN","content":{"table":"FRAME936831","column":"COLLEGE","alias":"COLLEGE","tableAlias":null}},{"type":"COLUMN","content":{"table":"FRAME936831","column":"COLLEGE_NONULL_UNIQUE_ROW_ID","alias":"COLLEGE_NONULL_UNIQUE_ROW_ID","tableAlias":null}},{"type":"COLUMN","content":{"table":"FRAME936831","column":"Compl_Repay_1yr_Rate","alias":"Compl_Repay_1yr_Rate","tableAlias":null}},{"type":"COLUMN","content":{"table":"FRAME936831","column":"Compl_Repay_7yr_Rate","alias":"Compl_Repay_7yr_Rate","tableAlias":null}},{"type":"COLUMN","content":{"table":"FRAME936831","column":"CompletionRate_150_4","alias":"CompletionRate_150_4","tableAlias":null}},{"type":"COLUMN","content":{"table":"FRAME936831","column":"CompletionRate_150_L4","alias":"CompletionRate_150_L4","tableAlias":null}},{"type":"COLUMN","content":{"table":"FRAME936831","column":"Control","alias":"Control","tableAlias":null}},{"type":"COLUMN","content":{"table":"FRAME936831","column":"Highest_Deg","alias":"Highest_Deg","tableAlias":null}},{"type":"COLUMN","content":{"table":"FRAME936831","column":"In_state_Tuition","alias":"In_state_Tuition","tableAlias":null}},{"type":"COLUMN","content":{"table":"FRAME936831","column":"Institution_Name","alias":"Institution_Name","tableAlias":null}},{"type":"COLUMN","content":{"table":"FRAME936831","column":"Lat","alias":"Lat","tableAlias":null}},{"type":"COLUMN","content":{"table":"FRAME936831","column":"Level_of_institution","alias":"Level_of_institution","tableAlias":null}},{"type":"COLUMN","content":{"table":"FRAME936831","column":"Locale","alias":"Locale","tableAlias":null}},{"type":"COLUMN","content":{"table":"FRAME936831","column":"Long","alias":"Long","tableAlias":null}},{"type":"COLUMN","content":{"table":"FRAME936831","column":"Low_Inc_Aid","alias":"Low_Inc_Aid","tableAlias":null}},{"type":"COLUMN","content":{"table":"FRAME936831","column":"Main_Campus","alias":"Main_Campus","tableAlias":null}},{"type":"COLUMN","content":{"table":"FRAME936831","column":"Noncom_Repay_1yr_Rate","alias":"Noncom_Repay_1yr_Rate","tableAlias":null}},{"type":"COLUMN","content":{"table":"FRAME936831","column":"Noncom_Repay_7yr_Rate","alias":"Noncom_Repay_7yr_Rate","tableAlias":null}},{"type":"COLUMN","content":{"table":"FRAME936831","column":"Out_of_state_Tuition","alias":"Out_of_state_Tuition","tableAlias":null}},{"type":"COLUMN","content":{"table":"FRAME936831","column":"Parent_Ed_HS","alias":"Parent_Ed_HS","tableAlias":null}},{"type":"COLUMN","content":{"table":"FRAME936831","column":"Parent_Ed_MS","alias":"Parent_Ed_MS","tableAlias":null}},{"type":"COLUMN","content":{"table":"FRAME936831","column":"Parent_Ed_PS","alias":"Parent_Ed_PS","tableAlias":null}},{"type":"COLUMN","content":{"table":"FRAME936831","column":"Percent_2OrMore","alias":"Percent_2OrMore","tableAlias":null}},{"type":"COLUMN","content":{"table":"FRAME936831","column":"Percent_AIAN","alias":"Percent_AIAN","tableAlias":null}},{"type":"COLUMN","content":{"table":"FRAME936831","column":"Percent_Asian","alias":"Percent_Asian","tableAlias":null}},{"type":"COLUMN","content":{"table":"FRAME936831","column":"Percent_Black","alias":"Percent_Black","tableAlias":null}},{"type":"COLUMN","content":{"table":"FRAME936831","column":"Percent_Female","alias":"Percent_Female","tableAlias":null}},{"type":"COLUMN","content":{"table":"FRAME936831","column":"Percent_First_Gen","alias":"Percent_First_Gen","tableAlias":null}},{"type":"COLUMN","content":{"table":"FRAME936831","column":"Percent_Full_time_Fac","alias":"Percent_Full_time_Fac","tableAlias":null}},{"type":"COLUMN","content":{"table":"FRAME936831","column":"Percent_Hisp","alias":"Percent_Hisp","tableAlias":null}},{"type":"COLUMN","content":{"table":"FRAME936831","column":"Percent_Male","alias":"Percent_Male","tableAlias":null}},{"type":"COLUMN","content":{"table":"FRAME936831","column":"Percent_NHPI","alias":"Percent_NHPI","tableAlias":null}},{"type":"COLUMN","content":{"table":"FRAME936831","column":"Percent_NRA","alias":"Percent_NRA","tableAlias":null}},{"type":"COLUMN","content":{"table":"FRAME936831","column":"Percent_Part_time","alias":"Percent_Part_time","tableAlias":null}},{"type":"COLUMN","content":{"table":"FRAME936831","column":"Percent_UNKN","alias":"Percent_UNKN","tableAlias":null}},{"type":"COLUMN","content":{"table":"FRAME936831","column":"Percent_Veterans","alias":"Percent_Veterans","tableAlias":null}},{"type":"COLUMN","content":{"table":"FRAME936831","column":"Percent_White","alias":"Percent_White","tableAlias":null}},{"type":"COLUMN","content":{"table":"FRAME936831","column":"Predominant_Ugrad_Deg","alias":"Predominant_Ugrad_Deg","tableAlias":null}},{"type":"COLUMN","content":{"table":"FRAME936831","column":"Religious_Affiliation","alias":"Religious_Affiliation","tableAlias":null}},{"type":"COLUMN","content":{"table":"FRAME936831","column":"RetentionRate_FT4","alias":"RetentionRate_FT4","tableAlias":null}},{"type":"COLUMN","content":{"table":"FRAME936831","column":"RetentionRate_FTL4","alias":"RetentionRate_FTL4","tableAlias":null}},{"type":"COLUMN","content":{"table":"FRAME936831","column":"RetentionRate_PT4","alias":"RetentionRate_PT4","tableAlias":null}},{"type":"COLUMN","content":{"table":"FRAME936831","column":"RetentionRate_PTL4","alias":"RetentionRate_PTL4","tableAlias":null}},{"type":"COLUMN","content":{"table":"FRAME936831","column":"SAT_M_75","alias":"SAT_M_75","tableAlias":null}},{"type":"COLUMN","content":{"table":"FRAME936831","column":"SAT_R_75","alias":"SAT_R_75","tableAlias":null}},{"type":"COLUMN","content":{"table":"FRAME936831","column":"SAT_W_75","alias":"SAT_W_75","tableAlias":null}},{"type":"COLUMN","content":{"table":"FRAME936831","column":"State","alias":"State","tableAlias":null}},{"type":"COLUMN","content":{"table":"FRAME936831","column":"TIV_Approval_Date","alias":"TIV_Approval_Date","tableAlias":null}},{"type":"COLUMN","content":{"table":"FRAME936831","column":"Top3Majors","alias":"Top3Majors","tableAlias":null}},{"type":"COLUMN","content":{"table":"FRAME936831","column":"Undergrad_Enrollment","alias":"Undergrad_Enrollment","tableAlias":null}},{"type":"COLUMN","content":{"table":"FRAME936831","column":"URL","alias":"URL","tableAlias":null}},{"type":"COLUMN","content":{"table":"FRAME936831","column":"Zip","alias":"Zip","tableAlias":null}}]}}}],"taskCounter":2},"recipe":["AddPanel ( 0 ) ;","Panel ( 0 ) | AddPanelConfig ( config = [ { \"config\" : { \"type\" : \"STANDARD\" , \"opacity\" : 100 } } ] ) ;","Panel ( 0 ) | AddPanelEvents ( { \"onSingleClick\" : { \"Unfilter\" : [ { \"panel\" : \"\" , \"query\" : \"<encode>(<Frame> | UnfilterFrame(<SelectedColumn>));</encode>\" , \"options\" : { } , \"refresh\" : false , \"default\" : true , \"disabledVisuals\" : [ \"Grid\" , \"Sunburst\" ] , \"disabled\" : false } ] } , \"onBrush\" : { \"Filter\" : [ { \"panel\" : \"\" , \"query\" : \"<encode>if((IsEmpty(<SelectedValues>)),(<Frame> | UnfilterFrame(<SelectedColumn>)), (<Frame> | SetFrameFilter(<SelectedColumn>==<SelectedValues>)));</encode>\" , \"options\" : { } , \"refresh\" : false , \"default\" : true , \"disabled\" : false } ] } } ) ;","Panel ( 0 ) | RetrievePanelEvents ( ) ;","Panel ( 0 ) | SetPanelView ( \"visualization\" , \"<encode>{\"type\":\"echarts\"}</encode>\" ) ;","Panel ( 0 ) | SetPanelView ( \"federate-view\" , \"<encode>{\"app_id\":\"NEWSEMOSSAPP\"}</encode>\" ) ;","CreateFrame ( frameType = [ GRID ] ) .as ( [ 'FRAME936831' ] ) ;","Database ( database = [ \"cee3170b-bb6a-4591-88bf-79d7e0efa7e8\" ] ) | Select ( COLLEGE_NONULL__ACT_CUM_75 , COLLEGE_NONULL__Adm_Rate , COLLEGE_NONULL__Avg_Cost_Academic_Year , COLLEGE_NONULL__Avg_Cost_Program_Year , COLLEGE_NONULL__Avg_Fac_Sal , COLLEGE_NONULL__COLLEGE , COLLEGE_NONULL__COLLEGE_NONULL_UNIQUE_ROW_ID , COLLEGE_NONULL__City , COLLEGE_NONULL__City_State , COLLEGE_NONULL__Compl_Repay_1yr_Rate , COLLEGE_NONULL__Compl_Repay_7yr_Rate , COLLEGE_NONULL__CompletionRate_150_4 , COLLEGE_NONULL__CompletionRate_150_L4 , COLLEGE_NONULL__Control , COLLEGE_NONULL__Highest_Deg , COLLEGE_NONULL__In_state_Tuition , COLLEGE_NONULL__Institution_Name , COLLEGE_NONULL__Lat , COLLEGE_NONULL__Level_of_institution , COLLEGE_NONULL__Locale , COLLEGE_NONULL__Long , COLLEGE_NONULL__Low_Inc_Aid , COLLEGE_NONULL__Main_Campus , COLLEGE_NONULL__Noncom_Repay_1yr_Rate , COLLEGE_NONULL__Noncom_Repay_7yr_Rate , COLLEGE_NONULL__Out_of_state_Tuition , COLLEGE_NONULL__Parent_Ed_HS , COLLEGE_NONULL__Parent_Ed_MS , COLLEGE_NONULL__Parent_Ed_PS , COLLEGE_NONULL__Percent_2OrMore , COLLEGE_NONULL__Percent_AIAN , COLLEGE_NONULL__Percent_Asian , COLLEGE_NONULL__Percent_Black , COLLEGE_NONULL__Percent_Female , COLLEGE_NONULL__Percent_First_Gen , COLLEGE_NONULL__Percent_Full_time_Fac , COLLEGE_NONULL__Percent_Hisp , COLLEGE_NONULL__Percent_Male , COLLEGE_NONULL__Percent_NHPI , COLLEGE_NONULL__Percent_NRA , COLLEGE_NONULL__Percent_Part_time , COLLEGE_NONULL__Percent_UNKN , COLLEGE_NONULL__Percent_Veterans , COLLEGE_NONULL__Percent_White , COLLEGE_NONULL__Predominant_Ugrad_Deg , COLLEGE_NONULL__Religious_Affiliation , COLLEGE_NONULL__RetentionRate_FT4 , COLLEGE_NONULL__RetentionRate_FTL4 , COLLEGE_NONULL__RetentionRate_PT4 , COLLEGE_NONULL__RetentionRate_PTL4 , COLLEGE_NONULL__SAT_M_75 , COLLEGE_NONULL__SAT_R_75 , COLLEGE_NONULL__SAT_W_75 , COLLEGE_NONULL__State , COLLEGE_NONULL__TIV_Approval_Date , COLLEGE_NONULL__Top3Majors , COLLEGE_NONULL__URL , COLLEGE_NONULL__Undergrad_Enrollment , COLLEGE_NONULL__Zip ) .as ( [ ACT_CUM_75 , Adm_Rate , Avg_Cost_Academic_Year , Avg_Cost_Program_Year , Avg_Fac_Sal , COLLEGE , COLLEGE_NONULL_UNIQUE_ROW_ID , City , City_State , Compl_Repay_1yr_Rate , Compl_Repay_7yr_Rate , CompletionRate_150_4 , CompletionRate_150_L4 , Control , Highest_Deg , In_state_Tuition , Institution_Name , Lat , Level_of_institution , Locale , Long , Low_Inc_Aid , Main_Campus , Noncom_Repay_1yr_Rate , Noncom_Repay_7yr_Rate , Out_of_state_Tuition , Parent_Ed_HS , Parent_Ed_MS , Parent_Ed_PS , Percent_2OrMore , Percent_AIAN , Percent_Asian , Percent_Black , Percent_Female , Percent_First_Gen , Percent_Full_time_Fac , Percent_Hisp , Percent_Male , Percent_NHPI , Percent_NRA , Percent_Part_time , Percent_UNKN , Percent_Veterans , Percent_White , Predominant_Ugrad_Deg , Religious_Affiliation , RetentionRate_FT4 , RetentionRate_FTL4 , RetentionRate_PT4 , RetentionRate_PTL4 , SAT_M_75 , SAT_R_75 , SAT_W_75 , State , TIV_Approval_Date , Top3Majors , URL , Undergrad_Enrollment , Zip ] ) | Import ( frame = [ FRAME936831 ] ) ;","Panel ( 0 ) | SetPanelView ( \"visualization\" ) ;","Frame ( frame = [ FRAME936831 ] ) | QueryAll ( ) | AutoTaskOptions ( panel = [ \"0\" ] , layout = [ \"Grid\" ] ) | Collect ( 2000 ) ;"]}